CITY,ADDRESS,GEOCODE
Априлци,"ул.Драгни Стойчев, 5641 гр.Априлци","42.841756, 24.917709"
Ардино,"ул. Пирин, 6750 Ардино","41.583561, 25.135276"
Ардино,"улица Републиканска, 6750 Ардино","41.583061, 25.134152"
Ардино,Ардино,"41.580028, 25.133278"
Антон,"ул. България, 2089 Антон","42.735078, 24.260305"
Баня /Карлово/,"ул. „Карловска"" 24-26, 4360 Баня","42.545650, 24.829924"
Баните /Смолян/,"8632 2-1, 4940 Баните","41.613912, 25.006642"
Болярово,"ул. Димитър Благоев, 8720 Болярово","42.148889, 26.809884"
Борово,"А,7174, ж.к. Красно село - кв. Борово, бул. „Никола Й. Вапцаров“ 1","43.488523, 25.810327"
Борино,"197, 4824 Борино","41.683749, 24.292708"
Бяла /Русе/,"ул. Цар Освободител 41, 7100 Бяла","43.465115, 25.731369"
Бяла /Русе/,"ул. Цар Освободител 113-101, 7100 Бяла","43.461486, 25.739285"
Бяла /Русе/,"Георги Бенковски 31, 7100 Бяла","43.454380, 25.738575"
Бяла /Русе/,"ул. Васил Априлов 26, 7101 Гара Бяла","43.468083, 25.675750"
Велики Преслав ,"ул. „Неофит Рилски“ 65949, 9850 Велики Преслав","43.162140, 26.801611"
Велики Преслав ,"ул. „Борис Спиров“ 92, 9850 Велики Преслав","43.162844, 26.807639"
Велики Преслав ,"ул. „Панайот Волов“, 9850 Велики Преслав","43.159336, 26.809585"
Велики Преслав ,9850 Велики Преслав,"43.161880, 26.815496"
Велико Търново,"ул. „Филип Тотю“ 17-15, 5002 Район Западен,- ОУ Бачо Киро","43.076289, 25.616931"
Велико Търново,"5000 ж.к. Акация, бул. България  Велико Търново","43.080386, 25.614729"
Велико Търново,"ул „Полтава"" 5, 5005 ж.к. Колю Фичето, Велико Търново","43.080727, 25.604889"
Велико Търново,"ул. „Лазурна“ 1, 5008 ж.к. Зона Б, Велико Търново","43.068667, 25.618111"
Велико Търново,"ул. „Иларион Драгостинов“, 5008 ж.к. Бузлуджа, Велико Търново","43.066747, 25.611738"
Велико Търново,"ул. „Райна Княгиня“ 5В, 5004 ж.к. Чолаковци, Велико Търново","43.061876, 25.600139"
Велико Търново,5008 Велико Търново,"43.061833, 25.605428"
Ресен,5060 Ресен,"43.201038, 25.544551"
Ветово,7080 Ветово - 2 бр.,"43.703478, 26.263798"
Враца,"бул. „2-ри юни“ 161-149, 3001 Медковец, Враца - 2 бр.","43.195376, 23.566735"
Враца,"ул. „Козлодуйски бряг“ 34, 3002 ж.к. Самуил, Враца - 2 бр.","43.204746, 23.562778"
Враца,"ул. „Климент Охридски“, 3000 Враца Център, Враца","43.208576, 23.553164"
Враца,"ул. „Георги С. Раковски“ 28-30, 3000 Враца Център, Враца","43.207079, 23.550581"
Враца,"ул. „Сестри Хаджикръстеви“ 7, 3000 ж.к. Металург, Враца","43.213968, 23.551620"
Враца,"Стоян Ц. Даскалов, 3005 ж.к. Дъбника, Враца","43.221280, 23.552923"
Враца,"3005 ж.к. Дъбника, Враца","43.222264, 23.544641"
Враца,"3005 ж.к. Сениче, Враца","43.220804, 23.541280"
Враца,"бул. „Христо Ботев“ 140А, 3000 72, Враца","43.215058, 23.545027"
Враца,"бул. „2-ри юни“ 47-45, 3001 Враца Център, Враца - 2 бр.","43.200343, 23.554309"
Враца,"ул. „Генерал Леонов“ 14А, 3000 Враца Център, Враца","43.201511, 23.551090"
Враца,"ул. Оборище 7, 3000 Враца","43.207745, 23.544704"
Горна Оряховица,"ул. „Пирот“ 45, 5100 Горна Оряховица","43.118561, 25.689403"
Горна Оряховица,"53 23, 5101 Горна Оряховица","43.128493, 25.681802"
Горна Оряховица,"ул. Васил Левски 10-8, 5101 Пролет, Горна Оряховица","43.132580, 25.684167"
Горна Оряховица,5101 Горна Оряховица,"43.133609, 25.679852"
Горна Оряховица,"ул. Васил Левски 4-8, 5101 Горна Оряховица","43.131262, 25.680751"
Горна Оряховица,5100 Горна Оряховица - 2 бр.,"43.123234, 25.680615"
Горна Оряховица,"бул. „Македония“, 5100 Център, Горна Оряховица","43.119545, 25.687766"
Гложево,"2001, 7040 Глоджево","43.733477, 26.388391"
Гурково,"ул. Александър Стамболийски, 6199 Гурково","42.659055, 25.793856"
Долна баня,"ул. Пенчо Славейков, 2040 Долна баня","42.311279, 23.765469"
Две Могили,"ул. Христо Смирненски 1, 7150 Две могили - 2 бр.","43.590957, 25.874943"
Дебелец,"ул. Патриарх Евтимий Търновски 50, 5030 Дебелец","43.042971, 25.620990"
Димитровград,"ул. „Емилиян Станев“ 8-6, 6404 Димитровград","42.055583, 25.584083"
Димитровград,"бул. Димитър Благоев 19Е, 6400 кв. Димитър Благоев, Димитровград","42.055222, 25.597306"
Димитровград,"ул. „Христо Г. Данов“ 8, 6404 Димитровград","42.054333, 25.581611"
Димитровград,"бул. „Христо Ботев“ 37-35, 6404 Димитровград","42.052028, 25.583972"
Димитровград,"6400 жк. Дружба, Димитровград","42.058044, 25.585143"
Димитровград,"ул. „Св. Климент Охридски“ 12-6, 6400 кв. Димитър Благоев","42.057778, 25.595806"
Димитровград,"ул. „Иван Вазов“, 6400 Димитровград","42.058000, 25.600250"
Димитровград,"Блок 3, ул. „Простор“, 6400 кв. Раковски, Димитровград","42.061500, 25.601389"
Димитровград,"ул. „Христо Смирненски“, 6400 жк. Дружба, Димитровград","42.061371, 25.587563"
Дряново,"ул.Стефан Стамболов 43, 5370 Дряново","42.975347, 25.475372"
Дряново,"ул. Шипка 164, 5370 Дряново","42.973770, 25.470752"
Джебел,6850 Джебел,"41.496099, 25.299611"
Джебел,"Йълдъръм 6, 6850 Джебел","41.495816, 25.303458"
Етрополе,"2180 Осем, Етрополе","42.843362, 24.005762"
Етрополе,"37 30-38, 2180 Етрополе","42.830544, 23.998563"
Златоград,"ul. Belovidovo, 4980 Златоград","41.379188, 25.097731"
Златоград,"ул. Освобождение, 4980 Златоград","41.380158, 25.096032"
Златоград,4980 Златоград,"41.383676, 25.091210"
Златоград,4980 Стадион Златоград,"41.379998, 25.085290"
Златица,"ул. Владислав Варненчик 10, 2080 Златица-2бр.","42.712036, 24.140551"
Златица,"ул. Гълъбец, 2080 Златица","42.719303, 24.134066"
Кабиле,"ул.Спартак 4-10, 8629 Кабиле","42.529316, 26.478958"
Казанлък,"ул. Ненко Балкански 2А, кв. ""Кулата"", Казанлък","42.621946, 25.403176"
Казанлък,"ул. „Доктор Стамболски 1, 6100 кв. Родина, Казанлък","42.618325, 25.396236"
Казанлък,"бул. „23-ти пехотен Шипченски полк“ 27-85, 6100 кв. Къренски, Казанлък","42.618177, 25.384387"
Казанлък,"бул. „23-ти пехотен Шипченски полк“147, 6103 Казанлък","42.617924, 25.369985"
Казанлък,"ж.к. Васил Левски 45 Д, Казанлък","42.622067, 25.376723"
Казанлък,"ул. „Генерал Столетов“ 22-16, 6100 Розариум, Казанлък","42.623637, 25.385928"
Казанлък,"бул. „Освобождение“, 6100 Стадиона, Казанлък","42.627781, 25.388449"
Казанлък,Депо Казанлък,"42.609209, 25.396414"
Калофер,"ул. 9-ти септември 5, 4370 Калофер","42.610825, 24.975372"
Калояново,"ул. Димчо Дебеляанов, 4173 Калояново","42.356841, 24.731222"
Карлово,"ул. Цанко Церковски, 4302 Карлово","42.645194, 24.803179"
Карлово,"Водопад 1, 4300 Център, Карлово","42.644480, 24.807014"
Карлово,"ул. Генерал Заимов No 8, 4300 Карлово","42.639562, 24.800176"
Карлово,"ул. „Александър Стамболийски“ 44-46, 4300 кв. Васил Левски, ","42.636756, 24.807565"
Карлово,"ул. Димитър Събев 2-6, 4300 кв. Васил Левски, Карлово","42.640992, 24.807323"
Каспичан,"ул. „Македония“, 9930 Каспичан","43.316299, 27.159186"
Каспичан,"ул. „Симеон Велики“ 1a, 9930 Каспичан","43.313224, 27.159422"
Карнобат,"ул. „В. Михалев“, 8400 Център, Карнобат","42.648279, 26.990038"
Карнобат,"ул. „Съби Димитров“ №21, 8400 Център, Карнобат","42.643837, 26.984640"
Карнобат,"ул. Възраждане, 8400 Карнобат","42.649317, 26.968938"
Карнобат,"5391 50, 8400 Център, Карнобат","42.648089, 26.978402"
Карнобат,8400 Карнобат,"42.652151, 26.982803"
Килифарево,"улица Александър Стамболийски 10, 5050 Килифарево","42.994182, 25.621557"
Кърждали,"Кърджали Център, ул. „Отец Паисий“, 6600 Кърджали","41.642900, 25.369521"
Кърждали,"Кърджали Център, ул. „Македония“, 6600 Кърджали","41.643471, 25.365227"
Кърждали,"Кърджали Център, ул. „Екзарх Йосиф“, 6600 Кърджали","41.645220, 25.371500"
Кърждали,"ул. „Стефан Караджа“, 6600 Кърджали","41.641045, 25.372789"
Кърждали,"Кърджали Център, 6600 Кърджали","41.638650, 25.375544"
Кърждали,"Кърджали Център, бул. „България“ 63В, 6600 Кърджали","41.636077, 25.373276"
Кърждали,"Кърджали Център, бул. „България“, 6600 Кърджали","41.634454, 25.376907"
Кърждали,"Веселчане, ул. „8-ми март“ 1, А, 6602 Кърджали","41.623045, 25.377033"
Кърждали,"кв. Възрожденци, Стълби пред 15 Блок, 6609 Кърджали","41.630476, 25.359286"
Кърждали,"кв. Възрожденци, бул. „Христо Ботев“, 6609","41.636722, 25.355539"
Копривщица,"606, 2077 Копривщица","42.636065, 24.360544"
Костенец,"Център, ул. Търговска 4-10, 2030 гр. Костенец","42.308700, 23.858515"
Костенец,"Център, ул. „Белмекен“, 2030 Костенец","42.307505, 23.857618"
Кнежа,"ул. „Толбухин“ 4, 5835 Център, Кнежа","43.494373, 24.079062"
Кнежа,"ул. Марин Боев 70, 5835 Център, Кнежа","43.497405, 24.080664"
Крумовград,"улица Димитър Благоев 1, 6900","41.474152, 25.652264"
Крумовград,"ул. „Христо Ботев“ 1, 6900 Крумовград","41.470428, 25.652394"
Кукорево/ Общ.Тунджа,"5304 10-12, 8673 Кукорево","42.447169, 26.533329"
Ловеч,"ул. „Осъмска“, 5500 Ловеч Център, Ловеч","43.140063, 24.719992"
Ловеч,"ул. „Осъмска“, 5500 Ловеч Център, Ловеч","43.137632, 24.720171"
Ловеч,"5507 ж.к. Червен бряг, Ловеч","43.143333, 24.705417"
Ловеч,"ж.к. Червен бряг, 5507 ж.к. Червен бряг, Ловеч","43.143949, 24.709334"
Ловеч,"ул. „Търговска“ 60, 5500 Ловеч Център, Ловеч","43.14223372530276, 24.718459342327197"
Ловеч,"ул. „Търговска“ 70, 5502 Ловеч Център, Ловеч","43.144222, 24.717389"
Любимец,"ул. „Ж. Терпешев“, 6550 Любимец","41.844297, 26.082242"
Любимец,"ул. „Църковна“ 6, 6550 Любимец","41.842714, 26.080651"
Лъки,"Лъки, кв. Лъкавица","41.829517, 24.830349"
Момчилград,"ул. „Георги Бенковски“, 6800 Момчилград","41.523493, 25.411973"
Момчилград,"ул. Максим Горки, 6800 Момчилград","41.525329, 25.413800"
Момчилград,"ул. „Гюмюрджинса“, 6800 Момчилград","41.527816, 25.408754"
Момчилград,"ул. Стефан Караджа, 6800 Момчилград","41.531677, 25.410343"
Мадан,4900 Мадан,"41.503093, 24.938064"
Мадан,"ул. „Обединение“ 24, 4900 Мадан","41.498385, 24.939248"
с. Средногорци,с. Средногорци,"41.534519, 24.91924"
Мирково,"ул. д-р Г. М. Димитров 21, 2086 Мирково","42.697276, 23.998060"
Мартен /Русе/,7058 Мартен,"43.913837, 26.091037"
Нова Загора,"8900 Център, Нова Загора","42.492218, 26.011413"
Нова Загора,"ул. „Г.С. Раковски“ 28, 8900 Център, Нова Загора","42.487534, 26.015410"
Нова Загора,"8900 Загоре, Нова Загора","42.501895, 26.009083"
Нова Загора,"ул. „Христо Ботев“, 8900 Център, Нова Загора","42.491295, 26.023641"
Несебър,"8230 Черно море, Несебър","42.658962, 27.703574"
Несебър,"ул. „Дюни“ 21, 8230 ж.к. Младост, Несебър","42.659732, 27.715020"
Слънев бряг,"кв. Чайка, 8240 Стария възел, Слънчев бряг","42.696467, 27.707971"
Св. Влас,8256 Свети Влас,"42.713730, 27.758482"
Равда,"ул. „Несебър“ 15, 8238 Равда","42.644567, 27.679052"
Обзор,"E87 30, 8250 Бургас, Oбзор","42.820221, 27.880289"
Павел баня,"ул. Трети март 2, 6155 Павел баня","42.595964, 25.208878"
Павел баня,"ул. Освобождение 31, 6155 Павел баня","42.596778, 25.203893"
Павликени,5200 Павликени ул. Филип Тотьо 13,"43.233629, 25.317458"
Павликени,"5200 Център, Павликени ул. Поп Богомил 15","43.237615, 25.310324"
Павликени,"пл. „Стефан Караджа"", 5200 Център, Павликени","43.236398, 25.300990"
Панагюрище,"ул. „Георги Бенковски“ 32, 4500 Панагюрище","42.500519, 24.187835"
Панагюрище,"ул. „Петко Мачев“ 59-53, 4500 Център, Панагюрище","42.496707, 24.186261"
Панагюрище,"ул. „Стоян Трендафилов“ 26, 4500 Оптикоелектрон, Панагюрище","42.500504, 24.178245"
Панагюрище,"4500 Център, Панагюрище","42.505351, 24.177397"
Панагюрище,"ул. „Нистор Ружеков“, 4500 Център, Панагюрище","42.505547, 24.177381"
Пирдоп,"ул. Княз Борис І, 2070 Център, Пирдоп","42.702719, 24.172590"
Пирдоп,"ул. Княз Александър Батенберг, 2070 Център, Пирдоп","42.701035, 24.179363"
Пирдоп,"ул. Капитан Петко войвода, 2070 Център, Пирдоп","42.702669, 24.168801"
Плачковци,"609 4-26, 5360 ул. Стара планина, Плачковци","42.826329, 25.482866"
Плевен ,"ул. „Лозенград“ 10-18, 5804 Плевен Център, Плевен","43.403056, 24.609583"
Плевен ,"ул. „Марин Дринов“ 2, 5804 Плевен Център, Плевен","43.402333, 24.614222"
Плевен ,"ул. „Бяло море“ 2, 5801 Плевен Център, Плевен","43.411417, 24.614583"
Плевен ,"ул. „Синчец“, 5802 ж.к. Сторгозия, Плевен","43.425111, 24.596278"
Плевен ,"5802 ж.к. Сторгозия, Плевен","43.420378, 24.597734"
Плевен ,"ул. „Еделвайс“, 5802 ж.к. Сторгозия, Плевен","43.423167, 24.596306"
Плевен ,"5806 ж.к. Дружба III, Плевен","43.408111, 24.644167"
Плевен ,"ул. „Петко Р. Славейков“ 30, Плевен Център","43.414750, 24.619111"
Плевен ,"ж.к. Дружба I, 5806 ж.к. Дружба I, Плевен","43.403083, 24.631778"
Плевен ,"5806 ж.к. Дружба I, Плевен","43.404000, 24.633972"
Плевен ,"5806 ж.к. Дружба II, Плевен","43.401583, 24.636861"
Плевен ,"ул. „Уилям Гладстон“ 13-9, 5803 Плевен Център, Плевен","43.409278, 24.624389"
Плевен ,"ул. „Петко Каравелов“, 5800 Плевен","43.398056, 24.622194"
Плевен ,"ул. „Мануш Войвода“, 5800 Мара Денчева, Плевен","43.397722, 24.626250"
Плевен ,"ул. „Гургулят“ 21, 5804 Плевен Център, Плевен","43.402265, 24.617297"
Плевен ,"ул. „Генерал Колев“ 21-11, 5800 Плевен Център, Плевен","43.400829, 24.622145"
Плевен ,"5806 Дружба 4, Плевен","43.408595, 24.648723"
Плевен ,"ул. „Свети Климент Охридски“, 5803 Плевен Център, Плевен","43.409716, 24.627308"
Плевен ,"ул. „Георги Кочев“ 23-15, 5803 Плевен Център, Плевен","43.413781, 24.631873"
Плевен ,"ул. „Цар Самуил“, 5802 Северна промишлена зона, Плевен","43.429554, 24.586100"
Плиска,"2007 7, 9920 Плиска","43.360957, 27.124063"
Пловдив,"бул. „Пещерско шосе“ 30, 4000 ж.к. Младежки хълм, Пловдив","42.139764, 24.728705"
Пловдив,"ул. „Янко Сакъзов“, 4002 Мараша, Пловдив","42.151472, 24.733500"
Пловдив,"Мараша, Пловдив","42.148557, 24.732043"
Пловдив,"ул. „Прогрес“ 4002, 4002 Център, Пловдив","42.148144, 24.726623"
Пловдив,"4002 ж.к. Младежки хълм, Пловдив","42.140729, 24.726658"
Пловдив,"ул. „Ян Хус“ 7, 4027 ж.к. Захарна фабрика, Пловдив","42.160315, 24.729712"
Пловдив,"ул. „Гонда вода“, 4021 Гагарин, Пловдив","42.161408, 24.757139"
Пловдив,"ул. „Димитър Ризов“ 199, 4023 Тракия, Пловдив","42.128295, 24.777676"
Пловдив,"4023 Тракия, Пловдив","42.131283, 24.791734"
Пловдив,"ул. „Съединение“ 45-43, 4023 Тракия, Пловдив","42.131902, 24.794659"
Пловдив,"жк. Тракия 96Е, 4023 кв. Капитан Бураго - А7, Пловдив","42.137435, 24.796935"
Пловдив,"Блок 14, 4023 кв. Хан Аспарух - А9, Пловдив","42.140689, 24.794510"
Пловдив,"бул. „Освобождение“, 4023 кв. Захари Зограф - А11, Пловдив","42.136382, 24.790941"
Пловдив,"4023 кв. Търговски - А5, Пловдив","42.133329, 24.788513"
Пловдив,"4002 Южна промишлена зона, Пловдив","42.134585, 24.740650"
Пловдив,"4000 Център, Пловдив","42.152033, 24.761521"
Пловдив,"ул. „Капитан Георги Мамарчев“ 31, 4000 Център, Пловдив","42.149303, 24.762397"
Пловдив,"ул. „Стойчо Мушанов“ 50, 4000 Пловдив","42.148026, 24.761793"
Пловдив,"ул. „Родопи“, 4000 Пловдив","42.145563, 24.758573"
Пловдив,"4019 бул. Цариградско шосе 15, Пловдив","42.149000, 24.782847"
Пловдив,"4006 Столипиново, Пловдив","42.156297, 24.783706"
Пловдив,"ул. „Ландос“, 4006 Столипиново, Пловдив","42.149964, 24.786161"
Пловдив,"ул. „Буная“ 1, 4006 Изгрев, Пловдив","42.149819, 24.788045"
Пловдив,"ул. „Златорог“, 4006 Изгрев, Пловдив","42.150698, 24.788878"
Пловдив,"ул. „Полковник Владимир Серафимов“ 124-125, 4006 Гладно Поле","42.147713, 24.777783"
Пловдив,"ул. „Богомил“ 89, 4017 Казарми, Пловдив","42.141266, 24.771914"
Пловдив,"4004 Южна промишлена зона, Пловдив","42.123687, 24.759897"
Пловдив,"бул. „Цариградско шосе“, 4019 Гладно Поле, Пловдив","42.148057, 24.775839"
Пловдив,"ул. „Лев Толстой“ 1, 4017 Каменица 2, Пловдив","42.141009, 24.768455"
Пловдив,"ул. „Богомил“ 34, 4000 Каменица 1, Пловдив","42.138923, 24.756441"
Пловдив,"ул. „Ралица“ 2, 4017 Каменица 2, Пловдив","42.142059, 24.765438"
Пловдив,"бул. Васил Априлов 146, Северен, 4027 Пловдив","42.159938, 24.731152"
Пловдив,"ул. „Полковник Сава Муткуров“ 93, 4003 Пловдив","42.155782, 24.732499"
Пловдив,"ул. „Цар Иван Александър“ 1, 4000 Център, Пловдив","42.143594, 24.743194"
Пловдив,"ул. „Генерал Данаил Николаев“ 22-28, 4020 Център, Пловдив","42.148096, 24.738282"
Пловдив,"ул. „Хан Аспарух“ 141-137, 4000 Съдийски, Пловдив","42.134665, 24.757262"
Пловдив,"4016 Коматево, Пловдив","42.100357, 24.702390"
Пловдив,"ул. „Константин Геров“, 4004 ж.к. Христо Ботев - Юг, Пловдив","42.126011, 24.724392"
Пловдив,"ул. „Пере Тошев“ 83-81, 4004 ж.к. Христо Ботев - Юг, Пловдив","42.122240, 24.747679"
Пловдив,"ул. „Иван Гарванов“, 4030 ж.к. Христо Ботев - Север, Пловдив","42.126071, 24.749580"
Пловдив,"4004 ж.к. Христо Ботев - Юг, Пловдив","42.120976, 24.746962"
Пловдив,"4004 ж.к. Христо Ботев - Север, Пловдив","42.123523,24.752668"
Пловдив,"4004 ж.к. Христо Ботев - Юг, Пловдив","42.123658,24.738564"
Пловдив,"ул. „Македония“ 9, 4013 ж.к. Христо Ботев - Север, Пловдив","42.133037,24.746162"
Пловдив,"ПрославЗападен, 8602 43-41, 4015 Пловдив","42.123280, 24.687861"
Пловдив,"ж.к. Христо СмирненскиЗападен, ул. „Звезда“, 4001 Пловдив","42.131443, 24.703766"
Пловдив,"Plovdiv, Chemshir St 11","42.130112, 24.705413"
Пловдив,"ЦентърЗападен, бул. „Свобода“ 58, 4000 Пловдив","42.143582, 24.721019"
Пловдив,"ж.к. Захарна фабрикаСеверен, ул. „Пантелей Генов“, 4027 Пловдив","42.159504, 24.728907"
Пловдив,"КършиякаПловдив Център, бул. „Марица“ 97-89, 4003 Пловдив","42.155459, 24.747655"
Пловдив,"ГагаринСеверен, ул. „Ален мак“ 1, 4018 Пловдив","42.161100, 24.751086"
Пловдив,"РибницаСеверен, ул. „Васил Левски“ 96-98, 4003 Пловдив","42.164129, 24.742994"
Пловдив,"ул. Солунска 1, Западен, Пловдив","42.132116, 24.715911"
Попово,"ул.Марко Николов 5, 7800 Попово","43.351860, 26.227054"
Попово,"ж.к. Русаля МБАЛ вход, 7800 Попово","43.341838, 26.217689"
Попово,"ул.Юрий А.Гагарин 17, 7800 Попово","43.348704, 26.230220"
Попово,"бул.""България""170, 7800 Попово","43.348289, 26.214075"
Правец,"2161 кв. Север, Правец","42.897726, 23.911944"
Правец,"ул. „Стара река“ 3, 2161 Център, Правец","42.893184, 23.916548"
Полски Тръмбеш,"ул. Клокотница, 5180 Център, Полски Тръмбеш","43.372312, 25.638195"
Полски Тръмбеш,"ул. Търговска 45-53, 5180 Център, Полски Тръмбеш","43.368896, 25.636062"
Раднево,"6273 Център, Раднево","42.292612, 25.936842"
Раднево,6260 Раднево,"42.288772, 25.932747"
Разград,"ул. „Свети Климент“ 102, 7200 АБРИТУС, Разград","43.524472, 26.540950"
Разград,"ул. „Гаврил Кръстевич“ 1, 7200 ж.к. Васил Левски, Разград","43.534643, 26.524851"
Разград,"7200 ж.к. Лудогорие, Разград","43.531461, 26.517910"
Разград,"7200 ж.к. Освобождение, Разград","43.532898, 26.521951"
Разград,"ул. „Борис Йончев“ 23, 7205 Оборище, Разград","43.518946, 26.520507"
Разград,"ул. „Преслав“, 7200 Бели Лом, Разград","43.529080, 26.512092"
Разград,"ул. „Тополница“ 5, 7200 ж.к. Освобождение, Разград","43.529312, 26.521158"
Разград,"7200 Разград Център, Разград","43.525057, 26.520571"
Разград,"7200 Стефан Караджа, Разград","43.524199, 26.536214"
Разград,"7205 ж.к. Орел, Разград","43.516946, 26.517153"
Русе,"бул. „Мидия-енос“ 2, 7001 ж.к. Мидия-Енос, Русе","43.833520, 25.954130"
Русе,"ул. „Никола Й. Вапцаров“ 191-193, 7015 ж.к. Дружба 3, Русе","43.828139, 25.976306"
Русе,"ул. „Опълченска“, 7018 ж.к. Чародейка - север, Русе","43.838417, 25.969528"
Русе,"ул. „Тодор Икономов“ 1-6, 7019 ж.к. Чародейка - юг, Русе","43.832333, 25.976417"
Русе,"ул. „Стоян Михайловски“ 94, 7015 ж.к. Дружба 3, Русе","43.823389, 25.973833"
Русе,"ул. „Даме Груев“ 44, 7015 ж.к. Дружба 3, Русе","43.825889, 25.971389"
Русе,"ул. „Луи Айер“, Русе","43.831028, 25.959278"
Русе,"ул. „Антим I-ви“ 10, 7001 Веждата, Русе","43.834778, 25.950528"
Русе,"7000 Русе Център, Русе","43.844361, 25.946361"
Русе,"ул. „Нови Сад“, 7013 Здравец Изток, Русе","43.848472, 25.990722"
Русе,"ул. „Райна Княгиня“, 7013 Здравец Изток, Русе","43.852222, 25.998111"
Русе,"ул. „Родопи“ 3, 7005 ж.к. Здравец - Север 1, Русе","43.851611, 25.975806"
Русе,"ул. „Княз Ал. Дондуков-Корсаков“ 19-15, 7012 Русе Център, Русе","43.842056, 25.950083"
Русе,"ул. „Велико Търново“ 3, 7000 Русе Център, Русе","43.849194, 25.949806"
Русе,"ул. „Гургулят“ 7002, 7002 Русе Център, Русе","43.853111, 25.960833"
Русе,"ул. „Капитан Маринов“ 46-41, 7020 ж.к. Възраждане - юг, Русе","43.851083, 25.967806"
Русе,"ул. „Щип“ 2-6, 7002 Ялта, Русе","43.849306, 25.962000"
Русе,"Алеи ""Възраждане"" 16, 7002 ж.к. Възраждане, Русе","43.857333, 25.966611"
Русе,"ул. „Битоля“, 7004 ж.к. Възраждане Североизток, Русе","43.860667, 25.976417"
Русе,"7001 ж.к. Дружба 1, Русе","43.832278, 25.969111"
Русе,"бул. „Цар Освободител“, 7012 ж.к. Централен южен район, Русе","43.838806, 25.959194"
Русе,"ул. „Чипровци“, 7006 Русе","43.844222, 25.970667"
Русе,"7020 ж.к. Възраждане - юг, Русе","43.851556, 25.966000"
Русе,"7013 Здравец Изток, Русе","43.851250, 25.985861"
Русе,"ул. „Тулча“, Жп Гара Товарна, Русе","43.857194, 25.975500"
Русе,"7000 Пазара, Русе","43.842806, 25.961861"
Русе,"ул. „Професор Асен Златаров“ 24, 7000 Русе Център, Русе","43.847306, 25.956361"
Русе,"ул. „Иван Вазов“, 7000 Русе Център, Русе","43.845361, 25.952194"
Русе,"7000 Западна промишлена зона METRO, Русе","43.814528, 25.926778"
Русе,"ул. „Майор Атанас Узунов“ 10-12, 7002 Русе Център, Русе","43.855583, 25.959111"
Русе,"ул. „Еленин връх“, 7001 ж.к. Дружба 1, Русе","43.831481, 25.967780"
Русе,"Лилд, ул. „Околчица“, 7005 Дунав, Русе -2 бр","43.846694, 25.976611"
Русе,"ж.к. Родина 3, ул. „Ибър“, 7006 Русе","43.839836, 25.967668"
Свищов,"Център, ул. „Петър Ангелов“, 5250 Свищов","43.617779, 25.338260"
Свищов,"жк. Химик, ул. Академик Александър Божинов, 5250 Свищов","43.613431, 25.344360"
Свищов,"5252 Младост, Свищов","43.609180, 25.363867"
Свищов,"ж.к. Младост 3, 5252 Младост, Свищов","43.611194, 25.358049"
Свищов,"ул. 33-ти Свищовски полк 104, Свищов","43.615633, 25.362262"
Свиленград,"Гебран, ул. „Радул Милков“ 19, 6500 Свиленград","41.767162, 26.188887"
Свиленград,"Център, ул. Княз Борис I 29, 6500 Свиленград","41.771187, 26.203650"
Севлиево,5403 Севлиево,"43.015471, 25.098914"
Севлиево,5403 Севлиево,"43.019491, 25.093206"
Севлиево,"5400 д-р Атанас Москов, Севлиево","43.030416, 25.089017"
Севлиево,"Център, ул. „Александър Стамболийски“ 2-10, Севлиево","43.021685, 25.097507"
Севлиево,"Генeрал Никола Генев, 5400 Център, Севлиево","43.025465, 25.105113"
Сливен,"8801 Сливен Център, Сливен","42.678041, 26.324479"
Сливен,"бул. „Хаджи Димитър“ 3, 8800 Сливен Център, Сливен","42.680314, 26.316682"
Сливен,"ул. „Георги Икономов“ 58-60, 8800 Клуцохор, Сливен","42.677338, 26.305914"
Сливен,"8801 Сливен Център, Сливен","42.681819, 26.325397"
Сливен,"ул. „Добри Димитров“ 1, 8802 Сливен","42.687655, 26.326506"
Сливен,"ул. „Добри Димитров“, 8802 Сливен","42.690800, 26.329682"
Сливен,"488 20, 8802 Ново село, Сливен","42.687742, 26.332641"
Сливен,"8808 ж.к. Сините камъни, Сливен","42.690506, 26.343259"
Сливен,"8808 ж.к. Сините камъни, Сливен","42.685909, 26.342598"
Сливен,"8808 ж.к. Българка, Сливен","42.684823, 26.341928"
Сливен,"ж.к. Стоян Заимов 62, 8804 Стоян Заимов, Сливен","42.674075, 26.334841"
Смолян,"ул. Мандикарска 4702 Устово, Смолян","41.573437, 24.781063"
Смолян,"ул. „Хан Пресиян“ 19, 4703 Стар център, Смолян","41.579255, 24.693702"
Смолян,"ул. „Невястата“ 16-18, 4703 Стар център, Смолян","41.587284, 24.683293"
Смолян,"ул. „Баба Тонка“ 9-1, 4701 Райково, Смолян","41.569819, 24.728469"
Смолян,"ул. „Хан Аспарух“, 4700 ж.к. Нов център, Смолян","41.575725, 24.712767"
Смядово,"ул. Никола Вапцаров 8-16, 9820 Смядово","43.063254, 27.020055"
Смядово,"ул. Черноризец Храбър 27, 9820 Смядово","43.067841, 27.014215"
Смядово,"ул. Георги Бенковски, 9820 Смядово","43.067221, 27.007350"
Смядово,9820 Смядово,"43.063216, 27.014623"
Сопот,"ул. „Христо Ботев“ 2, 4330 Сопот","42.653584, 24.754764"
Сопот,"4330 жк. Сарая, Сопот","42.656608, 24.763827"
София,"кв. Требич, ул. „Леденика“ 12","42.774756, 23.313113"
София,"кв. Орландовци, ул. „Капиновски манастир“ 2-10","42.720712, 23.333605"
София,ж.к. Надежда 1 на ъгъла на ул. Никола Котков и ул. Княз Иван Кулин,"42.726935, 23.300010"
София,"ж.к. Надежда 1, ул. „Село Кръвеник“ 15-17","42.727908, 23.299456"
София,"ж.к. Надежда 1, ул. „Възрожденска“ 71","42.729103, 23.295150"
София,"Метростанция Люлин, ул. Д-р Стефан Черкезов","42.717960, 23.257545"
София,"ж.к. Люлин 8, ул. „Златопласт“ 810","42.721668, 23.260897"
София,"ж.к. Люлин 9, ул. „ген. Никола Генев“","42.717980, 23.265170"
София,"СУ Лиу Пастьор , ул. Никола Генев","42.710762, 23.263103"
София,"ж.к. Люлин 7, ул. „полк. Стоян Топузов“ 722-718","42.710718, 23.263037"
София,"ж.к. Илинден, бул. Вардар","42.702981, 23.285755"
София,"София център, бул. „Константин Величков“ 61","42.702344, 23.297987"
София,"ж.к. Славия, бул. „Овча купел“ №11","42.673550, 23.269804"
София,"кв. Овча купел, ул. „Буземска“2 парк Овча купел","42.678639, 23.267639"
София,"кв. Овча купел, ул. „Промишлена“ срещу бл.402","42.685001, 23.250618"
София,"Метростанция  Овча купел 2, ул. Братя Прошек ","42.683969, 23.256667"
София,"Паркинг, ж.к. Овча купел 1, ул. „Орчо Войвода“ 7","42.683071, 23.270644"
София,"ж.к. Лагера, ул. Хризантема 4","42.679349, 23.284073"
София,"Водолей-1 Витоша, ул. „Витошка зорница“3","42.639582, 23.312751"
София,"кв. Манастирски ливади, ул. Казбек 57","42.666198, 23.281811"
София,"кв. Манастирски ливади, ул. „Пирин“ 61-75","42.665007, 23.281986"
София,"кв. Манастирски ливади, ул. „Ралевица“ 84","42.665007, 23.281986"
София,"кв. Манастирски ливади, ул. „Ралевица“ 75","42.658684, 23.280501"
София,"кв. Манастирски ливади, ул. „Иван Киров"" до City Home Park","42.661611, 23.289139"
София,"кв. Манастирски ливади, ул. "" Васил Стефанов"" 158","42.655422, 23.288426"
София,"ж.к. Гоце Делчев, ул 406-та №5","42.660407, 23.300684"
София,"ж.к. Иван Вазов, бул. „Петко Каравелов“ 3","42.678912, 23.313410"
София,Улица Гео Милев 18 - ,"42.684978, 23.357179"
София,Ж.К Дружба 2 ул.Садина бл 507 ,"42.642215, 23.414677"
София,Ж.К. Дружба 2 ул. Делийска Воденица,"42.646734, 23.409202"
София,Ж.К. Дружба 2 - Жилищен комплекс Дружба 2,"42.648199, 23.407602"
София,Ж.К. Дружба 2 бл.254 ,"42.651770, 23.402427"
София,Ж.К. Дружба 1 ул.Тирана 122 - 2 бр,"42.660432, 23.399986"
София,Ж.К. Дружба 1 ул.5019,"42.666122, 23.397157"
София,Ж.К. Дружба 1 зад бл.59,"42.660381, 23.394546"
София,Ж.К. Младост 1 ул.Йерусалим 12,"42.658404, 23.378058"
София,Ж.К. Младост 1 ул.Йерусалим 22 - до Фантастико,"42.655467, 23.374179"
София,Ж.К. Младост 1 ул.Методи Андонов 74,"42.652838, 23.372801"
София,Ж.К. Младост 1 пицария Прадо,"42.653171, 23.372122"
София,Ж.К. Младост 1 бул. Андрей Сахаров 4,"42.651026, 23.376820"
София,Ж.К. Младост 1 ул. Ана Ахматова 520 ,"42.650906, 23.384639"
София,Ж.К. Младост 3 ул.Генерал Радко Димитриев бл.372,"42.645478, 23.383176"
София,Ж.К. Младост 3 ул.Бъднина 304 - до Кауфланд,"42.645279, 23.379575"
София,Ж.К. Младост 4 ул.Александър Паскалев бл.415,"42.635247, 23.379993"
София,Ж.К. Младост 4 ул.Божан Ангелов бл.422А,"42.633333, 23.378099"
София,Ж.К. Младост 4 ул.Божан Англеов 426,"42.633176, 23.375416"
София,Ж.К. Младост 4 ул. Проф.Александър Танев 469,"42.627173, 23.383914"
София,Ж.К. Витоша бул. Черни Връх 189,"42.636599, 23.310911"
София,Ж.К. Витоша ул.Витошка Зорница - до Фантастико,"42.639582, 23.312751"
София,Бул Симеоновско шосе - до била ,"42.615156, 23.338593"
София,Ж.К. Студентски град ул.Акад. Борис Стефанов 58,"42.644056, 23.342008"
София,Ж.К. Студентски град ул.Акад. Стефан Младенов 80 ,"42.644931, 23.345101"
София,Ж.К. Студентски град ул.  Проф д-р Иван Странски  до бл.61,"42.642932, 23.343674"
София,Ж.К. Дианабад ул.Никола Габровски 20-22,"42.663269, 23.344530"
София,София Център ул.Любен Каравелов 25,"42.687156, 23.329683"
Стрелча,"Иван Вазов, 4530 Стрелча","42.503320, 24.322031"
Стрелча,"ул. Тодор Каблешков, 4530 Стрелча","42.506844, 24.317143"
Стрелча,"Димитър Благоев, 4530 Стрелча","42.510405, 24.321859"
Съединение,"ул. „Ал. Стамболийски“ 28, 4190 Съединение","42.276864, 24.544183"
Старцево /Златоград/,"ул. Любен Каравелов, 4987 Старцево","41.430421, 25.050478"
Твърдица,"Център, ул. Хан Аспарух 17, 8890 Твърдица","42.701362, 25.898362"
Троян,"ул. „Кирил и Методий“ 43-29, 5600 Троян","42.890589, 24.709161"
Троян,"ул. „Професор н. Шипковенски“ 11-15, 5600 Черногор, Троян","42.891603, 24.705772"
Троян,"ул. „Буковец“, 5602 Младост, Троян","42.899190, 24.713044"
Троян,"ул. „Г.С. Раковски“ 53-17, 5600 Център, Троян","42.883472, 24.711398"
Троян,"ж.к. Лъгът 19, 5600 Троян","42.871267, 24.711246"
Троян,"ул. „Балкан"" 23, 5601 Лъгът, Троян","42.872866, 24.712044"
Трявна,"5350 ул.Васил Априлов 1, Трявна","42.879348, 25.495262"
Трявна,"ул. „Александър Стамболийски“, 5350 Трявна","42.870956, 25.498128"
Трявна,"ул. „Ангел Кънчев“ 21, 5350 Трявна","42.866638, 25.491920"
Трявна,"Трявна, 5350","42.847746, 25.468173"
Търговище ,"ул. „Преслав“ 9А, 7700 Търговище Център, Търговище","43.246124, 26.576055"
Търговище ,"ул. „Паисий“ 17А, 7700 Боровец, Търговище","43.242744, 26.579518"
Търговище ,"ул. „Стефан Караджа“ 7-11, 7700 Търговище","43.247696, 26.576553"
Търговище ,"ул. „Цар Симеон“ 3, 7700 Търговище Център, Търговище","43.251077, 26.570607"
Търговище ,"ул. „Васил Петлешков“, 7700 Вароша, Търговище","43.243958, 26.564234"
Търговище ,"бул. ,,Сюрен"", 7705 ж.к. Запад 1, Търговище","43.242310, 26.560150"
Търговище ,"ж.к. Запад 2 58Г, 7705 ж.к. Запад 2, Търговище","43.239546, 26.556783"
Търговище ,"5, ул. „Беласица“, 7703 Вароша, Търговище","43.239482, 26.568422"
Търговище ,"7702 ж.к. Запад 3, Търговище","43.248292, 26.553866"
Търговище ,"7700 Вароша, Търговище","43.238430, 26.570618"
Търговище ,"ул. „Мургаш“, 7700 Боровец, Търговище","43.239849, 26.574848"
Търговище ,"ул. „Лилия“ 3-5, 7700 Търговище Център, Търговище","43.247852, 26.574379"
Търговище ,"Бряг, ул. „Велес“ 38, 7704 Търговище","43.282093, 26.596163"
Търговище ,"Въбел, бул. „Александър Стамболийски“ 95, 7701 Търговище","43.257550, 26.530135"
Угърчин,5580 Угърчин ул.Светулка,"43.106276, 24.412629"
Хасково,"бул. „Илинден“ 89-87, 6302 ж.к. Овчарски, Хасково","41.925201, 25.564538"
Хасково,"ул. „Дунав“ 4, 6301 ж.к. Любен Каравелов, Хасково","41.937988, 25.546277"
Хасково,"ул. „Мадара“, 6301 ж.к. Любен Каравелов, Хасково","41.938471, 25.543420"
Хасково,"6301 ж.к. Бадема, Хасково","41.937621, 25.537943"
Хасково,"бул. „Г.С.Раковски“, 6300 ж.к. Дружба I, Хасково","41.936233, 25.554985"
Хасково,"6304 Хасково Център, Хасково","41.930641, 25.565215"
Хасково,"бул. „Стефан Стамболов“, 6304 Хасково Център, Хасково","41.929748, 25.563026"
Хасково,"ул. „Драгоман“ 77-73, 6300 ж.к. Овчарски, Хасково","41.927727, 25.565871"
Хасково,"ж.к. Орфей, 6303 Орфей, Хасково - 2 бр","41.944292, 25.556210"
Хисаря,"бул. Генерал Гурко 31-27, 4180 Център, Хисаря","42.506325, 24.708514"
Хисаря,"бул. Генерал Гурко 3, 4180 Център, Хисаря","42.500365, 24.712332"
Ценово,"54, 7139 Ценово","43.537295, 25.656414"
Чепеларе,"ул. Беловска 2-6, 4850 Чепеларе","41.724494, 24.685657"
Чепеларе,"ул. Хан Аспарух 2-8, 4850 Чепеларе","41.728116, 24.685059"
Чепеларе,"ул. 24 май 50, 4850 Чепеларе","41.726040, 24.678580"
Чавдар,2084 Чавдар,"42.660425, 24.055070"
Челопеч,"Център, 2087 Челопеч","42.699507, 24.085810"
Шумен,9705 Шумен,"43.278000, 26.914821"
Шумен,"ул. „Самара“, 9710 ж.к. Боян Българанов II, Шумен","43.276828, 26.907867"
Шумен,"9702 Шумен Център, Шумен","43.270588, 26.911365"
Шумен,"ул. „Август Попов“ 8-18, 9700 Шумен Център, Шумен","43.271337, 26.914797"
Шумен,"ул. „Панайот Волов“ 53, 9700 Шумен Център, Шумен - 2 бр.","43.275949, 26.928042"
Шумен,"Паркинг, Градски, Шумен","43.272288, 26.938185"
Шумен,"ул. „Родопи“ 261, 9704 ж.к. Тракия, Шумен - 2 бр.","43.275329, 26.955108"
Шумен,"9704 ж.к. Тракия, ул. Дедеагач, Шумен","43.272188, 26.956588"
Шумен,"ул. „Университетска“ 10, 9703 Шумен","43.276745, 26.937124"
Шумен,"ул. „Съединение“, 9700 Шумен Център, Шумен - 2 бр","43.269175, 26.926510"
Шумен,"ул. „Преслав“ 28-40, 9701 Шумен Център, Шумен","43.266292, 26.936617"
Шумен,"ул. „Каварна“, 9708 Добруджански, Шумен -  2 бр.","43.266485, 26.944257"
Шумен,"бул. „Велики Преслав“ 142, 9706 Дивдядово, Шумен","43.241054, 26.927159"
Шумен,"ул. Хан Аспарух, 9747 Шумен-с. Царев брод","43.327501, 27.013753"
Ямбол,"ж.к. Диана 70-17, 8602 ж.к. Диана, Ямбол","42.470722, 26.528381"
Ямбол,"ул. „Доктор Кръстев“ 7, 8601 Каргон, Ямбол","42.476608, 26.499763"
Ямбол,"ул. „Дружба“ 5, 8600 Ямбол Център, Ямбол","42.482256, 26.499042"
Ямбол,"бул. „Граф Игнатиев“ 27, 8600 ж.к. Изток, Ямбол","42.479598, 26.518539"
Ямбол,"ул. „Цар Иван Шишман“, 8600 Ямбол Център, Ямбол","42.485673, 26.507722"
Ямбол,"Златен Рог 5А, 8606 ж.к. Златен рог, Ямбол","42.482941, 26.489602"